{"mean_reward": 245.67438860000001, "std_reward": 68.27589466852046, "is_deterministic": true, "n_eval_episodes": 10, "eval_datetime": "2025-05-13T04:08:56.456593"}